match_innings,aggregate_scores,aggregate_average,aggregate_innings
1,61.0,61.0,1
2,163.0,81.5,2
3,327.0,109.0,3
4,419.0,139.66666666666666,3
5,428.0,107.0,4
6,440.0,88.0,5
7,553.0,92.16666666666667,6
8,627.0,89.57142857142857,7
9,631.0,78.875,8
10,695.0,77.22222222222223,9
11,695.0,77.22222222222223,9
12,809.0,80.9,10
13,822.0,74.72727272727273,11
14,1004.0,91.27272727272727,11
